Code PTF Voie,Code PTF Station,NÂ° de voie
A55_1_M5F_VRA,M5f,1
A55_1_M5F_VLE,M5f,0
A55_2_M5f_VLE,M5f,2
A55_2_M5f_VRA,M5f,3
A55_1_M5M_VMD,M5m,1
A55_1_M5M_VLE,M5m,0
A55_1_M5M_VRA,M5m,2
A55_2_M5m_VLE,M5m,3
A55_2_M5m_VMD,M5m,4
A55_2_M5m_VRA,M5m,5
RN569_1_MBT_VLE,MBT,0
RN569_2_MBT_VLE,MBT,2
RN569_1_MBT_VRA,MBT,1
RN569_2_MBT_VRA,MBT,3
A50-INTVRA_RDTCMA047,TPA-EXTBAU_RDTSTC004,6
BSF3EXTVLE_RDTCMA033,TPA-EXTBAU_RDTSTC004,1
A50-EXTVLE_RDTCMA037,TPA-EXTBAU_RDTSTC004,5
BSF3EXTVRA_RDTCMA035,TPA-EXTBAU_RDTSTC004,3
BEF3INTVMD_RDTCMA041,TPA-EXTBAU_RDTSTC004,0
A50-EXTVRA_RDTCMA039,TPA-EXTBAU_RDTSTC004,7
A50-INTVLE_RDTCMA045,TPA-EXTBAU_RDTSTC004,4
BEF3INTVRA_RDTCMA043,TPA-EXTBAU_RDTSTC004,2
A501_1_M4K_VLE,M4k,0
A501_2_M4k_VLE,M4k,2
A501_1_M4K_VRA,M4k,1
A501_2_M4k_VRA,M4k,3
A50_2_M3i_VMD,M3i,1
A50_2_M3i_VLE,M3i,0
A50_2_M3i_VRA,M3i,2
A51_1_M1C_VMD,M1C,1
A51_1_M1C_VLE,M1C,0
A51_1_M1C_VRA,M1C,2
A7_1_M7R_VMD,M7R,1
A7_1_M7R_VLE,M7R,0
A7_1_M7R_VRA,M7R,2
A501_1_M4O_VRA,M4o,1
A501_1_M4O_VLE,M4o,0
A501_2_M4o_VRA,M4o,3
A501_2_M4o_VLE,M4o,2
A51_2_M1f_VMD,M1f,1
A51_2_M1f_VLE,M1f,0
A51_2_M1f_VRA,M1f,2
A51_2_m1f_BRE,M1f,4
A51_2_M1f_BAU,M1f,3
A7_1_M8J_VLE,M8J,0
A7_1_M8J_VMD,M8J,1
A7_1_M8J_VRA,M8J,2
A51_1_M1Y_VLE,M1Y,0
A51_1_M1Y_VRA,M1Y,1
A50_2_M3w_VLE,M3w,0
A50_2_M3w_VRA,M3w,2
A50_2_M3w_VMD,M3w,1
SMA-EXTVLE_RDTBEM010,SMA-INTBAU_RDTSCB001,1
SMA-INTVLE_RDTBEM014,SMA-INTBAU_RDTSCB001,0
SMA-EXTVRA_RDTBEM012,SMA-INTBAU_RDTSCB001,3
SMA-INTVRA_RDTBEM018,SMA-INTBAU_RDTSCB001,4
SMA-INTVMD_RDTBEM016,SMA-INTBAU_RDTSCB001,2
A51_2_M1g_VMD,M1g,1
A51_2_M1g_VLE,M1g,0
A51_2_M1g_BAU,M1g,3
A51_2_M1g_VRA,M1g,2
A51_2_M1g_BRS,M1g,4
A50_2_M3j_VMD,M3j,4
A50_1_M3J_VLE,M3j,0
A50_2_M3j_VRA,M3j,5
A50_1_M3J_VRA,M3j,2
A50_1_M3J_VMD,M3j,1
A50_2_M3j_VLE,M3j,3
A50_1_M3A_VMD,M3A,1
A50_1_M3A_VLE,M3A,0
A50_1_M3A_VRA,M3A,2
A51_2_M1c_VLE,M1c,0
A51_2_M1c_VMD,M1c,1
A51_2_M1c_BAU,M1c,3
A51_2_M1c_VRA,M1c,2
A7_2_M7o_VLE,M7o,0
A7_2_M7o_VMD,M7o,1
A7_2_M7o_VRA,M7o,2
A7_2_M8d_VLE,M8d,0
A7_2_M8d_VRA,M8d,2
A7_2_M8d_VMD,M8d,1
A51_1_M1E_VMD,M1E,1
A51_1_M1E_VLE,M1E,0
A51_1_M1E_VRA,M1E,2
A7_1_M8F_VLE,M8F,0
A7_1_M8F_VRA,M8F,2
A7_1_M8F_VMD,M8F,1
A7_1_M8f_VMD,M8F,4
A7_1_M8f_VLE,M8F,3
A7_1_M8f_VRA,M8F,5
A55_2_M5n_VRA,M5n,5
A55_2_M5n_VMD,M5n,4
A55_1_M5N_VLE,M5n,0
A55_1_M5N_VRA,M5n,2
A55_1_M5N_VMD,M5n,1
A55_2_M5n_VLE,M5n,3
A50_2_M3l_VLE,M3l,0
A50_2_M3l_VRA,M3l,2
A50_2_M3l_VMD,M3l,1
A7_2_M8e_VMD,M8e,1
A7_2_M8e_VLE,M8e,0
A7_2_M8e_VRA,M8e,2
A7_1_M7P_VMD,M7P,1
A7_1_M7P_VLE,M7P,0
A7_1_M7P_VRA,M7P,2
A51_2_M1y_VRA,M1y,1
A51_2_M1y_VLE,M1y,0
SPF-EXTVLE_RDTCMA003,SPF-EXTBAU_RDTSTC001,3
BE05EXTVLE_RDTCMA001,SPF-EXTBAU_RDTSTC001,1
SPF-EXTVRA_RDTCMA007,SPF-EXTBAU_RDTSTC001,7
SPF-EXTVMD_RDTCMA005,SPF-EXTBAU_RDTSTC001,5
SFB-INTVMD_RDTBEM003,SFB-TPCCEN_RDTSCB001,4
SFB-INTVLE_RDTBEM001,SFB-TPCCEN_RDTSCB001,2
BE04INTVLE_RDTBEM007,SFB-TPCCEN_RDTSCB001,0
SFB-INTVRA_RDTBEM005,SFB-TPCCEN_RDTSCB001,6
SFB-EXTVMD_RDTBEM011,SFB-TPCCEN_RDTSCB001,5
SFB-EXTVLE_RDTBEM009,SFB-TPCCEN_RDTSCB001,3
BS04EXTVLE_RDTBEM015,SFB-TPCCEN_RDTSCB001,1
SFB-EXTVRA_RDTBEM013,SFB-TPCCEN_RDTSCB001,7
A7_2_M7t_VLE,M7t,0
A7_2_M7t_VRA,M7t,1
A7_1_M7J_VMD,M7J,1
A7_1_M7J_VLE,M7J,0
A7_1_M7J_VRA,M7J,2
A55_2_M5o_VMD,M5o,4
A55_2_M5o_VLE,M5o,3
A55_2_M5o_VRA,M5o,5
A55_1_M5O_VLE,M5o,0
A55_1_M5O_VRA,M5o,1
A7_2_M7r_VRA,M7r,1
A7_2_M7r_VLE,M7r,0
BE03EXTVLE_RDTCMA013,SMT-EXTBAU_RDTSTC002,1
SMT-EXTVRA_RDTCMA017,SMT-EXTBAU_RDTSTC002,5
SMT-EXTVLE_RDTCMA015,SMT-EXTBAU_RDTSTC002,3
BS03INTVLE_RDTCMA019,SMT-EXTBAU_RDTSTC002,0
SMT-INTVLE_RDTCMA021,SMT-EXTBAU_RDTSTC002,2
SMT-INTVRA_RDTCMA023,SMT-EXTBAU_RDTSTC002,4
A51_2_M1d_VRA,M1d,2
A51_2_M1d_VMD,M1d,1
A51_2_M1d_VLE,M1d,0
A51_2_M1d_BAU,M1d,3
A7_2_M7p_VLE,M7p,0
A7_2_M7p_VRA,M7p,1
TPA-EXTVLE_RDTCMA005,TPA-EXTBAU_RDTSTC001,5
BE06EXTVRA_RDTCMA003,TPA-EXTBAU_RDTSTC001,3
TPA-EXTVRA_RDTCMA007,TPA-EXTBAU_RDTSTC001,7
BS06INTVRA_RDTCMA011,TPA-EXTBAU_RDTSTC001,2
BS06INTVLE_RDTCMA009,TPA-EXTBAU_RDTSTC001,0
TPA-INTVRA_RDTCMA015,TPA-EXTBAU_RDTSTC001,6
TPA-INTVLE_RDTCMA013,TPA-EXTBAU_RDTSTC001,4
BE06EXTVLE_RDTCMA001,TPA-EXTBAU_RDTSTC001,1
TPA-EXTVLE_RDTCMA019,TPA-EXTBAU_RDTSTC002,3
BS05EXTVLE_RDTCMA017,TPA-EXTBAU_RDTSTC002,1
TPA-EXTVRA_RDTCMA023,TPA-EXTBAU_RDTSTC002,7
TPA-EXTVMD_RDTCMA021,TPA-EXTBAU_RDTSTC002,5
A7_2_M8n_VMD,M8n,1
A7_2_M8n_VLE,M8n,0
A7_2_M8n_VRA,M8n,2
A55_2_m5y_VRA,M5y,3
A55_2_M5y_VRA,M5y,1
A55_2_M5y_VLE,M5y,0
A55_2_m5y_VLE,M5y,2
A7_1_M7V_VRA,M7V,1
A7_1_M7V_VLE,M7V,0
A55_2_M5j_VRA,M5J,5
A55_1_M5J_VLE,M5J,0
A55_1_M5J_VRA,M5J,2
A55_1_M5J_VMD,M5J,1
A55_2_M5j_VMD,M5J,4
A55_2_M5j_VLE,M5J,3
RN568_1_MBO_VRA,MBO,1
RN568_1_MBO_VLE,MBO,0
RN568_2_MBO_VRA,MBO,3
RN568_2_MBO_VLE,MBO,2
SOM-INTVRA_RDTBEM042,SOM-INTN01_RDTSCB003,4
SOM-EXTVLE_RDTBEM032,SOM-INTN01_RDTSCB003,1
SOM-EXTVRA_RDTBEM036,SOM-INTN01_RDTSCB003,5
SOM-EXTVMD_RDTBEM034,SOM-INTN01_RDTSCB003,3
SOM-INTVMD_RDTBEM040,SOM-INTN01_RDTSCB003,2
SOM-INTVLE_RDTBEM038,SOM-INTN01_RDTSCB003,0
RN568_1_MPG_VLE,MPG,0
RN568_2_MPG_VLE,MPG,2
RN568_1_MPG_VRA,MPG,1
RN568_2_MPG_VRA,MPG,3
A51_1_M1O_VLE,M1O,0
A51_2_M1o_VRA,M1O,3
A51_1_M1O_VRA,M1O,1
A51_2_M1o_VLE,M1O,2
SBM-INTVLE_RDTCMA025,SBM-TPCCEN_RDTSTC002,2
BS04INTVLE_RDTCMA023,SBM-TPCCEN_RDTSTC002,0
SBM-INTVRA_RDTCMA029,SBM-TPCCEN_RDTSTC002,6
SBM-INTVMD_RDTCMA027,SBM-TPCCEN_RDTSTC002,4
BE04EXTVLE_RDTCMA015,SBM-TPCCEN_RDTSTC002,1
SBM-EXTVMD_RDTCMA019,SBM-TPCCEN_RDTSTC002,5
SBM-EXTVLE_RDTCMA017,SBM-TPCCEN_RDTSTC002,3
SBM-EXTVRA_RDTCMA021,SBM-TPCCEN_RDTSTC002,7
A51_1_M1T_VLE,M1T,0
A51_2_M1t_VLE,M1T,2
A51_1_M1T_VRA,M1T,1
A51_2_M1t_VRA,M1T,3
A501_2_M4m_VRA,M4m,3
A501_2_M4m_VLE,M4m,2
A501_1_M4M_VLE,M4m,0
A501_1_M4M_VRA,M4m,1
A7_1_M7T_VMD,M7T,2
A7_1_M7T_VLE,M7T,1
A7_1_M7T_BRE,M7T,0
A7_1_M7T_VRA,M7T,3
A7_1_M7Q_VLE,M7Q,0
A7_1_M7Q_VRA,M7Q,2
A7_1_M7Q_VMD,M7Q,1
A7_1_M7U_VLE,M7U,0
A7_1_m7U_VLE,M7U,2
A7_1_M7U_VRA,M7U,1
A7_1_m7U_VRA,M7U,3
A50_1_M3Y_VMD,M3Y,1
A50_1_M3Y_VLE,M3Y,0
A50_1_M3Y_VRA,M3Y,2
A51_1_M1A_VRA,M1A,1
A51_1_M1A_VLE,M1A,0
A7_2_M7i_VLE,M7i,0
A7_2_M7i_VMD,M7i,1
A7_2_M7i_VRA,M7i,2
A55_1_M5V_VRA,M5v,2
A55_2_M5v_VRA,M5v,4
A55_2_M5v_VLE,M5v,3
A55_1_M5V_VMD,M5v,1
A55_1_M5V_VLE,M5v,0
A51_1_M1H_VLE,M1H,0
A51_1_M1H_VRA,M1H,2
A51_1_M1H_VMD,M1H,1
A50_2_M3m_VMD,M3m,4
A50_2_M3m_VLE,M3m,3
A50_1_M3M_VLE,M3m,0
A50_2_M3m_VRA,M3m,5
A50_1_M3M_VRA,M3m,2
A50_1_M3M_VMD,M3m,1
A7_2_M8g_VLE,M8g,0
A7_2_M8g_VRA,M8g,2
A7_2_M8g_VMD,M8g,1
A55_2_m5e_VLE,M5e,0
A55_2_M5e_VLE,M5e,2
A55_2_m5e_VRA,M5e,1
A55_2_M5e_VRA,M5e,3
A50_1_M3Z_VLE,M3Z,0
A50_1_M3Z_VRA,M3Z,2
A50_1_M3Z_VMD,M3Z,1
SJO-INTVLE_RDTCMA009,TOL-EXTN04_RDTSTC001,2
BS02INTVLE_RDTCMA007,TOL-EXTN04_RDTSTC001,0
SJO-INTVRA_RDTCMA011,TOL-EXTN04_RDTSTC001,4
SJO-EXTVLE_RDTCMA003,TOL-EXTN04_RDTSTC001,3
BE02EXTVLE_RDTCMA001,TOL-EXTN04_RDTSTC001,1
SJO-EXTVRA_RDTCMA005,TOL-EXTN04_RDTSTC001,5
A50_2_M3d_VLE,M3d,0
A50_2_M3d_VRA,M3d,2
A50_2_M3d_VMD,M3d,1
A51_1_M1G_VMD,M1G,1
A51_1_M1G_VLE,M1G,0
A51_1_M1G_VRA,M1G,2
A50_2_M3z_VLE,M3z,0
A50_2_M3z_VRA,M3z,2
A50_2_M3z_VMD,M3z,1
A501_1_M4L_VLE,M4l,0
A501_2_M4l_VLE,M4l,2
A501_1_M4L_VRA,M4l,1
A501_2_M4l_VRA,M4l,3
A55_1_M5E_VRA,M5E,1
A55_1_M5E_VLE,M5E,0
A7_2_M8k_VRA,M8k,2
A7_2_M8k_VMD,M8k,1
A7_2_M8k_VLE,M8k,0
A7_2_M7u_VLE,M7u,0
A7_2_M7u_VRA,M7u,1
A7_2_M8o_VLE,M8o,0
A7_2_M8o_VRA,M8o,2
A7_2_M8o_VMD,M8o,1
A51_1_M1F_VMD,M1F,1
A51_1_m1F_BRE,M1F,3
A51_1_M1F_VRA,M1F,2
A51_1_M1F_VLE,M1F,0
A502_1_M4I_VLE,M4i,0
A502_2_M4i_VLE,M4i,2
A502_1_M4I_VRA,M4i,1
A502_2_M4i_VRA,M4i,3
A7_2_M8i_VMD,M8i,1
A7_2_M8i_VLE,M8i,0
A7_2_M8i_VRA,M8i,2
A50_1_M3V_VMD,M3V,1
A50_1_M3V_VLE,M3V,0
A50_1_M3V_VRA,M3V,2
A7_1_M8D_VLE,M8D,0
A7_1_M8D_VRA,M8D,2
A7_1_M8D_VMD,M8D,1
A50_1_M3N_VRA,M3N,2
A50_1_M3N_VMD,M3N,1
A50_1_M3N_VLE,M3N,0
A50_1_M3O_VLE,M3O,0
A50_1_M3O_VMD,M3O,1
A50_1_M3O_VRA,M3O,2
A7_1_M7S_BRE,M7S,0
A7_1_M7S_VLE,M7S,1
A7_1_M7S_VRA,M7S,3
A7_1_M7S_VMD,M7S,2
A50_2_M3a_VLE,M3a,0
A50_2_M3a_VRA,M3a,2
A50_2_M3a_VMD,M3a,1
A50_2_M3c_VMD,M3c,1
A50_2_M3c_VLE,M3c,0
A50_2_M3c_VRA,M3c,2
A51_2_M1i_VLE,M1i,0
A51_2_M1i_VRA,M1i,2
A51_2_M1i_BAU,M1i,3
A51_2_M1i_VMD,M1i,1
RN568_2_MPF_VLE,MPF,2
RN568_1_MPF_VRA,MPF,1
RN568_2_MPF_VRA,MPF,3
RN568_1_MPF_VLE,MPF,0
A50_2_M3s_VRA,M3s,2
A50_2_M3s_VMD,M3s,1
A50_2_M3s_VLE,M3s,0
A50_1_M3I_VLE,M3I,0
A50_1_M3I_VMD,M3I,1
A50_1_M3I_VRA,M3I,2
A51_1_M1B_VRA,M1B,1
A51_1_M1B_VLE,M1B,0
A51_1_M1B_BRE,M1B,2
A55_1_M5T_VMD,M5T,1
A55_1_M5T_VLE,M5T,0
A55_1_M5T_VRA,M5T,2
A55_2_M5t_VRA,M5T,4
A55_2_M5t_VLE,M5T,3
A50_1_M3S_VLE,M3S,0
A50_1_M3S_VRA,M3S,2
A50_1_M3S_VMD,M3S,1
A502_1_M4J_VLE,M4j,0
A502_2_M4j_VRA,M4j,2
A502_2_M4j_VLE,M4j,1
A7_1_M8R_BAU,M8R,0
A7_1_M8R_VLE,M8R,1
A7_2_M8r_VRA,M8R,4
A7_1_M8R_VRA,M8R,2
A7_2_M8r_VLE,M8R,3
A7_1_M8O_VLE,M8O,0
A7_1_M8O_VRA,M8O,2
A7_1_M8O_VMD,M8O,1
A51_2_M1b_VMD,M1b,1
A51_2_M1b_VLE,M1b,0
A51_2_M1b_VRA,M1b,2
A51_2_M1s_VRA,M1S,3
A51_2_M1s_VLE,M1S,2
A51_1_M1S_VRA,M1S,1
A51_1_M1S_VLE,M1S,0
A50_1_M3W_VRA,M3W,2
A50_1_M3W_VMD,M3W,1
A50_1_M3W_VLE,M3W,0
A50_1_M3K_VRA,M3k,2
A50_2_M3k_VMD,M3k,4
A50_2_M3k_VLE,M3k,3
A50_1_M3K_VLE,M3k,0
A50_2_M3k_VRA,M3k,5
A50_1_M3K_VMD,M3k,1
A7_1_M7N_VRA,M7N,3
A7_1_m7N_VLE,M7N,0
A7_1_M7N_VLE,M7N,2
A7_1_m7N_VRA,M7N,1
A7_2_m8a_VLE,M8a,0
A7_2_M8a_VLE,M8a,2
A7_2_m8a_VRA,M8a,1
A7_2_M8a_VRA,M8a,3
A55_2_M6c_VRA,M6c,3
A55_2_M6c_VLE,M6c,2
A55_1_M6C_VRA,M6c,1
A55_1_M6C_VLE,M6c,0
A50_1_M3L_VLE,M3L,0
A50_1_M3L_VRA,M3L,2
A50_1_M3L_VMD,M3L,1
A7_2_M7n_VLE,M7n,2
A7_2_m7n_VRA,M7n,1
A7_2_M7n_VRA,M7n,3
A7_2_m7n_VLE,M7n,0
STJ-EXTVRA_RDTCMA011,STJ-INTBAU_RDTSTC001,5
STJ-INTVLE_RDTCMA003,STJ-INTBAU_RDTSTC001,2
BE02INTVLE_RDTCMA001,STJ-INTBAU_RDTSTC001,0
BS02EXTVLE_RDTCMA007,STJ-INTBAU_RDTSTC001,1
STJ-INTVRA_RDTCMA005,STJ-INTBAU_RDTSTC001,4
STJ-EXTVLE_RDTCMA009,STJ-INTBAU_RDTSTC001,3
A51_2_M1l_VRA,M1l,3
A51_2_M1l_VLE,M1l,2
A51_1_M1L_VRA,M1l,1
A51_1_M1L_VLE,M1l,0
A7_1_M8H_VLE,M8H,0
A7_1_M8H_VRA,M8H,2
A7_1_M8H_VMD,M8H,1
A51_2_M1j_VMD,M1J,4
A51_2_M1j_VLE,M1J,3
A51_1_M1J_VMD,M1J,1
A51_1_M1J_VLE,M1J,0
A51_1_M1J_VRA,M1J,2
A7_1_M8B_VLE,M8B,0
A7_1_M8B_VRA,M8B,2
A7_1_M8B_VMD,M8B,1
A51_2_M1e_VMD,M1e,1
A51_2_M1e_VLE,M1e,0
A51_2_M1e_BAU,M1e,3
A51_2_M1e_VRA,M1e,2
A51_1_M1I_VRA,M1I,2
A51_1_M1I_VMD,M1I,1
A51_1_M1I_VLE,M1I,0
A50_1_M4C_VRA,M4c,1
A50_1_M4C_VLE,M4c,0
A50_2_M4c_VLE,M4c,2
A50_2_M4c_VRA,M4c,3
A7_2_M7q_VLE,M7q,0
A7_2_M7q_VRA,M7q,1
A50_2_M3h_VLE,M3h,0
A50_2_M3h_VRA,M3h,2
A50_2_M3h_VMD,M3h,1
A7_1_M8C_VRA,M8C,2
A7_2_M8c_VMD,M8C,4
A7_2_M8c_VLE,M8C,3
A7_2_M8c_VRA,M8C,5
A7_1_M8C_VMD,M8C,1
A7_1_M8C_VLE,M8C,0
A502_1_M4H_VLE,M4h,0
A502_2_M4h_VLE,M4h,2
A502_1_M4H_VRA,M4h,1
A50_2_M4g_VLE,M4g,1
A50_1_M4G_VLE,M4g,0
A50_2_M4g_VRA,M4g,2
A7_2_M7s_VLE,M7s,0
A7_2_M7s_VRA,M7s,1
A7_2_M8p_VRA,M8P,4
A7_2_M8p_VMD,M8P,3
A7_1_M8P_VLE,M8P,0
A7_2_M8p_VLE,M8P,2
A7_1_M8P_VRA,M8P,1
A55_2_M5h_VRA,M5h,3
A55_2_M5h_VLE,M5h,2
A55_1_M5H_VRA,M5h,1
A55_1_M5H_VLE,M5h,0
A50_2_M3o_VMD,M3o,1
A50_2_M3o_VLE,M3o,0
A50_2_M3o_VRA,M3o,2
A7_1_M7O_VMD,M7O,1
A7_1_M7O_VLE,M7O,0
A7_1_M7O_VRA,M7O,2
A55_2_M5k_VLE,M5k,3
A55_2_M5k_VRA,M5k,5
A55_2_M5k_VMD,M5k,4
A55_1_M5K_VMD,M5k,1
A55_1_M5K_VLE,M5k,0
A55_1_M5K_VRA,M5k,2
BE34EXTVLE_RDTCMA003,EAR1INTBAU_RDTSTC030,3
BE01INTVLE_RDTCMA001,EAR1INTBAU_RDTSTC030,1
A7--INTVRA_RDTCMA007,EAR1INTBAU_RDTSTC030,7
A7--INTVLE_RDTCMA005,EAR1INTBAU_RDTSTC030,5
SMA-INTVRA_RDTCMA011,EAR1INTBAU_RDTSTC030,10
SMA-INTVLE_RDTCMA009,EAR1INTBAU_RDTSTC030,8
SMA-EXTVRA_RDTCMA015,EAR1INTBAU_RDTSTC030,11
SMA-EXTVLE_RDTCMA013,EAR1INTBAU_RDTSTC030,9
A7_2_M8b_VLE,M8b,0
A7_2_M8b_VRA,M8b,2
A7_2_M8b_VMD,M8b,1
A51_2_M1h_VLE,M1h,0
A51_2_M1h_VMD,M1h,1
A51_2_M1h_BAU,M1h,3
A51_2_M1h_VRA,M1h,2
A7_1_M8N_VMD,M8N,1
A7_1_M8N_VLE,M8N,0
A7_1_M8N_VRA,M8N,2
A50_1_M4D_VLE,M4d,0
A50_2_M4d_VLE,M4d,2
A50_1_M4D_VRA,M4d,1
A50_2_M4d_VRA,M4d,3
A50_2_M3y_VRA,M3y,2
A50_2_M3y_VMD,M3y,1
A50_2_M3y_VLE,M3y,0
A7_2_M8h_VRA,M8h,2
A7_2_M8h_VMD,M8h,1
A7_2_M8h_VLE,M8h,0
BS05INTVLE_RDTCMA009,TFO-INTBAU_RDTSTC002,0
SPF-INTVMD_RDTCMA013,TFO-INTBAU_RDTSTC002,4
SPF-INTVLE_RDTCMA011,TFO-INTBAU_RDTSTC002,2
SPF-INTVRA_RDTCMA015,TFO-INTBAU_RDTSTC002,6
A50_2_M3b_VRA,M3b,2
A50_2_M3b_VMD,M3b,1
A50_2_M3b_VLE,M3b,0
A7_1_M8A_VMG,M8A,2
A7_1_M8A_VMD,M8A,1
A7_1_M8A_VLE,M8A,0
A7_1_M8A_VRA,M8A,3
A50_2_M3x_VMD,M3x,1
A50_2_M3x_VLE,M3x,0
A50_2_M3x_VRA,M3x,2
A55_1_m5Y_VLE,M5Y,2
A55_1_M5Y_VRA,M5Y,1
A55_1_m5Y_VRA,M5Y,3
A55_1_M5Y_VLE,M5Y,0
A7_2_M8j_VLE,M8j,0
A7_2_M8j_VRA,M8j,2
A7_2_M8j_VMD,M8j,1
RN113_1_MPH_VRA,MPH,1
RN113_1_MPH_VLE,MPH,0
RN113_2_MPH_VRA,MPH,3
RN113_2_MPH_VLE,MPH,2
SMT-INTVLE_RDTCMA003,SMT-INTBAU_RDTSTC001,2
BS03EXTVLE_RDTCMA007,SMT-INTBAU_RDTSTC001,1
SMT-INTVRA_RDTCMA005,SMT-INTBAU_RDTSTC001,4
SMT-EXTVLE_RDTCMA011,SMT-INTBAU_RDTSTC001,5
BS03EXTVRA_RDTCMA009,SMT-INTBAU_RDTSTC001,3
SMT-EXTVRA_RDTCMA013,SMT-INTBAU_RDTSTC001,7
BE03INTVLE_RDTCMA001,SMT-INTBAU_RDTSTC001,0
A50_2_M4e_VRA,M4e,3
A50_1_M4E_VLE,M4e,0
A50_2_M4e_VLE,M4e,2
A50_1_M4E_VRA,M4e,1
A50_1_M4B_VMD,M4B,1
A50_1_M4B_VLE,M4B,0
A50_1_M4B_VRA,M4B,2
A50_1_M3D_VLE,M3D,0
A50_1_M3D_VRA,M3D,2
A50_1_M3D_VMD,M3D,1
A7_1_M8I_VMD,M8I,1
A7_1_M8I_VLE,M8I,0
A7_1_M8I_VRA,M8I,2
A51_2_M1a_VRA,M1a,1
A51_2_M1a_VLE,M1a,0
A51_2_M1a_BAU,M1a,2
RN113_1_MBS_VRA,MBS,1
RN113_1_MBS_VLE,MBS,0
RN113_2_MBS_VRA,MBS,3
RN113_2_MBS_VLE,MBS,2
A50_2_M4b_VLE,M4b,0
A50_2_M4b_VRA,M4b,2
A50_2_M4b_VMD,M4b,1
A7_1_M8S_VLE,M8S,1
A7_2_M8s_VLE,M8S,3
A7_1_M8S_VRA,M8S,2
A7_2_M8s_VRA,M8S,4
A7_1_M8S_BAU,M8S,0
A7_1_M7I_VLE,M7I,0
A7_1_M7I_VRA,M7I,2
A7_1_M7I_VMD,M7I,1
A55_1_M5S_VMD,M5S,1
A55_1_M5S_VLE,M5S,0
A55_1_M5S_VRA,M5S,2
A55_2_M5s_VRA,M5S,4
A55_2_M5s_VLE,M5S,3
A55_2_M5r_VLE,M5r,0
A55_2_M5r_VRA,M5r,1
BE34INTVLE_RDTCMA021,EAR1INTBAU_RDTSTC031,4
A7--EXTVRA_RDTCMA019,EAR1INTBAU_RDTSTC031,2
BE34INTVRA_RDTCMA023,EAR1INTBAU_RDTSTC031,6
A7--EXTVLE_RDTCMA017,EAR1INTBAU_RDTSTC031,0
A55_2_M5x_VMD,M5x,4
A55_2_M5x_VLE,M5x,3
A55_1_M5X_VLE,M5x,0
A55_1_M5X_VRA,M5x,2
A55_1_M5X_VMD,M5x,1
A55_2_M5x_VRA,M5x,5
TPA-INTVLE_RDTCMA027,TPA-INTBAU_RDTSTC003,2
BE05INTVLE_RDTCMA025,TPA-INTBAU_RDTSTC003,0
TPA-INTVMD_RDTCMA029,TPA-INTBAU_RDTSTC003,4
TPA-INTVRA_RDTCMA031,TPA-INTBAU_RDTSTC003,6
SMA-INTVLE_RDTBEM024,TMA-INTN01_RDTSCB002,0
SMA-EXTVRA_RDTBEM022,TMA-INTN01_RDTSCB002,5
SMA-INTVRA_RDTBEM028,TMA-INTN01_RDTSCB002,4
SMA-INTVMD_RDTBEM026,TMA-INTN01_RDTSCB002,2
BQU-EXTVLE_RDTBEM030,TMA-INTN01_RDTSCB002,1
SMA-EXTVLE_RDTBEM020,TMA-INTN01_RDTSCB002,3
A55_2_M5u_VRA,M5U,4
A55_2_M5u_VLE,M5U,3
A55_1_M5U_VLE,M5U,0
A55_1_M5U_VRA,M5U,2
A55_1_M5U_VMD,M5U,1
A50_1_M3B_VLE,M3B,0
A50_1_M3B_VRA,M3B,2
A50_1_M3B_VMD,M3B,1
A7_1_M8Q_VLE,M8Q,0
A7_1_M8Q_VRA,M8Q,2
A7_1_M8Q_VMD,M8Q,1
A7_2_M8q_VLE,M8Q,3
A501_1_M4N_VRA,M4n,1
A501_1_M4N_VLE,M4n,0
A501_2_M4n_VRA,M4n,3
A501_2_M4n_VLE,M4n,2
A7_1_M8K_VRA,M8K,2
A7_1_M8K_VMD,M8K,1
A7_1_M8K_VLE,M8K,0
A51_2_M1q_VLE,M1q,2
A51_2_M1q_VRA,M1q,3
A51_1_M1Q_VRA,M1q,1
A51_1_M1Q_VLE,M1q,0
A50_1_M3C_VMD,M3C,1
A50_1_M3C_VLE,M3C,0
A50_1_M3C_VRA,M3C,2
A50_1_M3H_VMD,M3H,1
A50_1_M3H_VLE,M3H,0
A50_1_M3H_VRA,M3H,2
A50_1_M3X_VLE,M3X,0
A50_1_M3X_VRA,M3X,2
A50_1_M3X_VMD,M3X,1
A7_2_M7j_VLE,M7j,0
A7_2_M7j_VMD,M7j,1
A7_2_M7j_VRA,M7j,2
A55_2_M5l_VMD,M5l,4
A55_2_M5l_VLE,M5l,3
A55_2_M5l_VRA,M5l,5
A55_1_M5L_VLE,M5l,0
A55_1_M5L_VRA,M5l,2
A55_1_M5L_VMD,M5l,1
A50_2_M3r_VLE,M3r,3
A50_2_M3r_VMD,M3r,4
A50_1_M3R_VLE,M3r,0
A50_2_M3r_VRA,M3r,5
A50_1_M3R_VRA,M3r,2
A50_1_M3R_VMD,M3r,1
A50_2_M3v_VLE,M3v,0
A50_2_M3v_VRA,M3v,2
A50_2_M3v_VMD,M3v,1
A50_1_M3E_VMD,M3e,1
A50_1_M3E_VLE,M3e,0
A50_1_M3E_VRA,M3e,2
A50_2_M3e_VMD,M3e,4
A50_2_M3e_VLE,M3e,3
A50_2_M3e_VRA,M3e,5
A50_2_M3n_VLE,M3n,0
A50_2_M3n_VRA,M3n,2
A50_2_M3n_VMD,M3n,1
RN113_1_MPA_VRA,MPA,1
RN113_1_MPA_VLE,MPA,0
RN113_2_MPA_VRA,MPA,3
RN113_2_MPA_VLE,MPA,2
A50_1_M4F_VRA,M4f,1
A50_1_M4F_VLE,M4f,0
A50_2_M4f_VRA,M4f,3
A50_2_M4f_VLE,M4f,2
A50_1_M3Q_VMD,M3q,1
A50_1_M3Q_VLE,M3q,0
A50_1_M3Q_VRA,M3q,2
A50_2_M3q_VLE,M3q,3
A50_2_M3q_VRA,M3q,5
A50_2_M3q_VMD,M3q,4
A51_1_M1D_VLE,M1D,0
A51_1_M1D_VRA,M1D,2
A51_1_M1D_VMD,M1D,1
A7_1_M8G_VRA,M8G,2
A7_1_M8G_VLE,M8G,0
A7_1_M8G_VMD,M8G,1
A51_2_M1m_VLE,M1m,2
A51_1_M1M_VLE,M1m,0
A51_2_M1m_VRA,M1m,3
A51_1_M1M_VRA,M1m,1
RN568_2_MPB_VRA,MPB,3
RN568_1_MPB_VLE,MPB,0
RN568_2_MPB_VLE,MPB,2
RN568_1_MPB_VRA,MPB,1
A50_2_M3p_VLE,M3p,3
A50_2_M3p_VRA,M3p,5
A50_2_M3p_VMD,M3p,4
A50_1_M3P_VMD,M3p,1
A50_1_M3P_VLE,M3p,0
A50_1_M3P_VRA,M3p,2
A7_1_M8E_VMD,M8E,1
A7_1_M8E_VLE,M8E,0
A7_1_M8E_VRA,M8E,2
