Code PM,Libellé,PR début,PR fin,Sens,Axe,QT_MIN (6s),QT_MAX (6s),VT_MIN (6s),VT_MAX (6s),TT_MIN (6s),TT_MAX (6s),Lg Elec (m),Code Groupe Seuil,Envoi MI2,Code MISOL2,Envoi TIPI,Code TIPI
M4C,PME_A50_1_13+380_M4C,13+380,13+810,1,A50,0,60,0,300,0,100,"0,2",SEUIL_01,OUI,MM413.C,OUI,MM413.C1
M4D,PME_A50_1_13+810_M4D,13+810,14+360,1,A50,0,60,0,300,0,100,"0,2",SEUIL_01,OUI,MM413.D,OUI,MM413.D1
M4E,PME_A50_1_14+360_M4E,14+360,14+845,1,A50,0,60,0,300,0,100,"0,2",SEUIL_01,OUI,MM413.E,OUI,MM413.E1
M4F,PME_A50_1_14+845_M4F,14+845,15+345,1,A50,0,60,0,300,0,100,"0,2",SEUIL_01,OUI,MM413.F,OUI,MM413.F1
M4G,PME_A50_1_15+373_M4G,15+345,15+349,1,A50,0,60,0,300,0,100,"0,2",SEUIL_01,OUI,MM413.G,OUI,MM413.G1
M4c,PME_A50_2_13+380_M4c,13+380,13+810,2,A50,0,60,0,300,0,100,"0,2",SEUIL_01,OUI,MM413.c,OUI,MM413.c2
M4d,PME_A50_2_13+810_M4d,13+810,14+360,2,A50,0,60,0,300,0,100,"0,2",SEUIL_01,OUI,MM413.d,OUI,MM413.d2
M4e,PME_A50_2_14+360_M4e,14+360,14+845,2,A50,0,60,0,300,0,100,"0,2",SEUIL_01,OUI,MM413.e,OUI,MM413.e2
M4f,PME_A50_2_14+845_M4f,14+845,15+373,2,A50,0,60,0,300,0,100,"0,2",SEUIL_01,OUI,MM413.f,OUI,MM413.f2
M4g,PME_A50_2_15+373_M4g,15+373,15+584,2,A50,0,60,0,300,0,100,"0,2",SEUIL_01,OUI,MM413.g,OUI,MM413.g2
M4K,PME_A501_1_0+59_M4K,0+59,0+559,1,A501,0,60,0,300,0,100,"0,2",SEUIL_01,OUI,MM413.K,OUI,MM413.K1
M4L,PME_A501_1_1+045_M4L,1+045,1+545,1,A501,0,60,0,300,0,100,"0,2",SEUIL_01,OUI,MM413.L,OUI,MM413.L1
M4M,PME_A501_1_1+435_M4M,1+435,1+935,1,A501,0,60,0,300,0,100,"0,2",SEUIL_01,OUI,MM413.M,OUI,MM413.M1
M4N,PME_A501_1_2+000_M4N,2+000,2+482,1,A501,0,60,0,300,0,100,"0,2",SEUIL_01,OUI,MM413.N,OUI,MM413.N1
M4O,PME_A501_1_2+482_M4O,2+482,2+499,1,A501,0,60,0,300,0,100,"0,2",SEUIL_01,OUI,MM413.O,OUI,MM413.O1
M4k,PME_A501_2_0+59_M4k,0+59,0+559,2,A501,0,60,0,300,0,100,"0,2",SEUIL_01,OUI,MM413.k,OUI,MM413.k2
M4l,PME_A501_2_1+045_M4l,1+045,1+545,2,A501,0,60,0,300,0,100,"0,2",SEUIL_01,OUI,MM413.l,OUI,MM413.l2
M4m,PME_A501_2_1+435_M4m,1+435,1+935,2,A501,0,60,0,300,0,100,"0,2",SEUIL_01,OUI,MM413.m,OUI,MM413.m2
M4n,PME_A501_2_2+000_M4n,2+000,2+482,2,A501,0,60,0,300,0,100,"0,2",SEUIL_01,OUI,MM413.n,OUI,MM413.n2
M4o,PME_A501_2_2+482_M4o,2+482,2+499,2,A501,0,60,0,300,0,100,"0,2",SEUIL_01,OUI,MM413.o,OUI,MM413.o2
M4H,PME_A502_1_0+500_M4H,0+500,1+000,1,A502,0,60,0,300,0,100,"0,2",SEUIL_01,OUI,MM413.H,OUI,MM413.H1
M4I,PME_A502_1_0+984_M4I,0+984,1+484,1,A502,0,60,0,300,0,100,"0,2",SEUIL_01,OUI,MM413.I,OUI,MM413.I1
M4J,PME_A502_1_1+494_M4J,1+494,1+564,1,A502,0,60,0,300,0,100,"0,2",SEUIL_01,OUI,MM413.J,OUI,MM413.J1
M4h,PME_A502_2_0+500_M4h,0+500,1+000,2,A502,0,60,0,300,0,100,"0,2",SEUIL_01,OUI,MM413.h,OUI,MM413.h2
M4i,PME_A502_2_0+984_M4i,0+951,1+484,2,A502,0,60,0,300,0,100,"0,2",SEUIL_01,OUI,MM413.i,OUI,MM413.i2
M4j,PME_A502_2_1+494_M4j,1+484,1+563,2,A502,0,60,0,300,0,100,"0,2",SEUIL_01,OUI,MM413.j,OUI,MM413.j2
M1A,PME_A51_1_0+430_M1A,0+430,0+888,1,A51,0,60,0,300,0,100,"0,2",SEUIL_01,OUI,MM113.A,OUI,MM113.A1
M1B,PME_A51_1_1+009_M1B,1+009,1+509,1,A51,0,60,0,300,0,100,"0,2",SEUIL_01,OUI,MM113.B,OUI,MM113.B1
m1B,PME_A517_1_0+000_m1B,0+600,0+1157,1,A517,0,60,0,300,0,100,"0,2",SEUIL_01,OUI,Mm113.B,OUI,Mm113.B1
M1C,PME_A51_1_1+508_M1C,1+508,2+008,1,A51,0,60,0,300,0,100,"0,2",SEUIL_01,OUI,MM113.C,OUI,MM113.C1
M1D,PME_A51_1_2+030_M1D,2+030,2+530,1,A51,0,60,0,300,0,100,"0,2",SEUIL_01,OUI,MM113.D,OUI,MM113.D1
M1E,PME_A51_1_2+462_M1E,2+462,2+962,1,A51,0,60,0,300,0,100,"0,2",SEUIL_01,OUI,MM113.E,OUI,MM113.E1
M1F,PME_A51_1_3+002_M1F,3+103,3+502,1,A51,0,60,0,300,0,100,"0,2",SEUIL_01,OUI,MM113.F,OUI,MM113.F1
m1F,PME_A51_1_3+012_m1F,3+002,3+102,1,A51,0,60,0,300,0,100,"0,2",SEUIL_01,OUI,Mm113.F,OUI,Mm113.F1
M1G,PME_A51_1_3+507_M1G,3+507,4+007,1,A51,0,60,0,300,0,100,"0,2",SEUIL_01,OUI,MM113.G,OUI,MM113.G1
M1H,PME_A51_1_4+096_M1H,4+096,4+596,1,A51,0,60,0,300,0,100,"0,2",SEUIL_01,OUI,MM113.H,OUI,MM113.H1
M1I,PME_A51_1_4+593_M1I,4+593,5+093,1,A51,0,60,0,300,0,100,"0,2",SEUIL_01,OUI,MM113.I,OUI,MM113.I1
M1J,PME_A51_1_4+950_M1J,4+950,5+450,1,A51,0,60,0,300,0,100,"0,2",SEUIL_01,OUI,MM113.J,OUI,MM113.J1
M1L,PME_A51_1_6+140_M1L,6+140,6+640,1,A51,0,60,0,300,0,100,"0,2",SEUIL_01,OUI,MM113.L,OUI,MM113.L1
M1M,PME_A51_1_6+950_M1M,6+950,7+450,1,A51,0,60,0,300,0,100,"0,2",SEUIL_01,OUI,MM113.M,OUI,MM113.M1
M1O,PME_A51_1_7+961_M1O,7+961,8+461,1,A51,0,60,0,300,0,100,"0,2",SEUIL_01,OUI,MM113.O,OUI,MM113.O1
M1Q,PME_A51_1_8+849_M1Q,8+849,9+349,1,A51,0,60,0,300,0,100,"0,2",SEUIL_01,OUI,MM113.Q,OUI,MM113.Q1
M1S,PME_A51_1_9+817_M1S,9+817,10+317,1,A51,0,60,0,300,0,100,"0,2",SEUIL_01,OUI,MM113.S,OUI,MM113.S1
M1T,PME_A51_1_10+405_M1T,10+405,10+905,1,A51,0,60,0,300,0,100,"0,2",SEUIL_01,OUI,MM113.T,OUI,MM113.T1
M1Y,PME_A51_1_12+886_M1Y,12+886,13+386,1,A51,0,60,0,300,0,100,"0,2",SEUIL_01,OUI,MM113.Y,OUI,MM113.Y1
M1a,PME_A51_2_0+430_M1a,0+430,0+730,2,A51,0,60,0,300,0,100,"0,2",SEUIL_01,OUI,MM113.a,OUI,MM113.a2
M1b,PME_A51_2_1+009_M1b,1+009,1+509,2,A51,0,60,0,300,0,100,"0,2",SEUIL_01,OUI,MM113.b,OUI,MM113.b2
M1c,PME_A51_2_1+508_M1c,1+508,1+808,2,A51,0,60,0,300,0,100,"0,2",SEUIL_01,OUI,MM113.c,OUI,MM113.c2
M1d,PME_A51_2_2+030_M1d,2+030,2+330,2,A51,0,60,0,300,0,100,"0,2",SEUIL_01,OUI,MM113.d,OUI,MM113.d2
M1e,PME_A51_2_2+462_M1e,2+462,2+712,2,A51,0,60,0,300,0,100,"0,2",SEUIL_01,OUI,MM113.e,OUI,MM113.e2
mbe,PME_A51_2_2+462_mbe,2+812,2+962,2,A51,0,60,0,300,0,100,"0,2",SEUIL_01,NON,Mmb13.e,NON,Mmb13.e2
M1f,PME_A51_2_3+002_M1f,3+002,3+252,2,A51,0,60,0,300,0,100,"0,2",SEUIL_01,OUI,MM113.f,OUI,MM113.f2
mbf,PME_A51_2_3+002_mbf,3+352,3+502,2,A51,0,60,0,300,0,100,"0,2",SEUIL_01,NON,Mmb13.f,NON,Mmb13.f2
m1f,PME_A51_2_3+012_m1f,3+500,3+507,2,A51,0,60,0,300,0,100,"0,2",SEUIL_01,OUI,Mm113.f,OUI,Mm113.f2
M1g,PME_A51_2_3+507_M1g,3+507,3+757,2,A51,0,60,0,300,0,100,"0,2",SEUIL_01,OUI,MM113.g,OUI,MM113.g2
mbg,PME_A51_2_3+507_mbg,3+857,4+007,2,A51,0,60,0,300,0,100,"0,2",SEUIL_01,NON,Mmb13.g,NON,Mmb13.g2
m1g,PME_A51_2_3+517_m1g,4+007,4+017,2,A51,0,60,0,300,0,100,"0,2",SEUIL_01,OUI,Mm113.g,OUI,Mm113.g2
M1h,PME_A51_2_4+096_M1h,4+396,4+596,2,A51,0,60,0,300,0,100,"0,2",SEUIL_01,OUI,MM113.h,OUI,MM113.h2
M1i,PME_A51_2_4+593_M1i,4+893,5+093,2,A51,0,60,0,300,0,100,"0,2",SEUIL_01,OUI,MM113.i,OUI,MM113.i2
M1j,PME_A51_2_5+275_M1j,5+275,5+775,2,A51,0,60,0,300,0,100,"0,2",SEUIL_01,OUI,MM113.j,OUI,MM113.j2
M1l,PME_A51_2_6+140_M1l,6+140,6+640,2,A51,0,60,0,300,0,100,"0,2",SEUIL_01,OUI,MM113.l,OUI,MM113.l2
M1m,PME_A51_2_6+950_M1m,6+950,7+450,2,A51,0,60,0,300,0,100,"0,2",SEUIL_01,OUI,MM113.m,OUI,MM113.m2
M1o,PME_A51_2_7+961_M1o,7+961,8+461,2,A51,0,60,0,300,0,100,"0,2",SEUIL_01,OUI,MM113.o,OUI,MM113.o2
M1q,PME_A51_2_8+849_M1q,8+849,9+349,2,A51,0,60,0,300,0,100,"0,2",SEUIL_01,OUI,MM113.q,OUI,MM113.q2
M1s,PME_A51_2_9+817_M1s,9+817,10+317,2,A51,0,60,0,300,0,100,"0,2",SEUIL_01,OUI,MM113.s,OUI,MM113.s2
M1t,PME_A51_2_10+405_M1t,10+405,10+905,2,A51,0,60,0,300,0,100,"0,2",SEUIL_01,OUI,MM113.t,OUI,MM113.t2
M1y,PME_A51_2_12+886_M1y,12+886,13+386,2,A51,0,60,0,300,0,100,"0,2",SEUIL_01,OUI,MM113.y,OUI,MM113.y2
M6C,PME_A55_1_16+474_M6C,16+474,16+974,1,A55,0,60,0,300,0,100,"0,2",SEUIL_01,OUI,MM613.C,OUI,MM613.C1
M6c,PME_A55_2_16+474_M6c,16+474,16+974,2,A55,0,60,0,300,0,100,"0,2",SEUIL_01,OUI,MM613.c,OUI,MM613.c2
M5E,PME_A55_1_1+442_M5E,1+442,2+392,1,A55,0,60,0,300,0,100,"0,2",SEUIL_01,OUI,MM513.E,OUI,MM513.E1
M5F,PME_A55_1_2+400_M5F,2+400,2+900,1,A55,0,60,0,300,0,100,"0,2",SEUIL_01,OUI,MM513.F,OUI,MM513.F1
M5H,PME_A55_1_3+481_M5H,3+481,3+981,1,A55,0,60,0,300,0,100,"0,2",SEUIL_01,OUI,MM513.H,OUI,MM513.H1
M5J,PME_A55_1_4+305_M5J,4+305,4+805,1,A55,0,60,0,300,0,100,"0,2",SEUIL_01,OUI,MM513.J,OUI,MM513.J1
M5K,PME_A55_1_4+796_M5K,4+796,5+296,1,A55,0,60,0,300,0,100,"0,2",SEUIL_01,OUI,MM513.K,OUI,MM513.K1
M5L,PME_A55_1_5+248_M5L,5+248,5+748,1,A55,0,60,0,300,0,100,"0,2",SEUIL_01,OUI,MM513.L,OUI,MM513.L1
M5M,PME_A55_1_5+660_M5M,5+660,6+160,1,A55,0,60,0,300,0,100,"0,2",SEUIL_01,OUI,MM513.M,OUI,MM513.M1
M5N,PME_A55_1_6+393_M5N,6+393,6+893,1,A55,0,60,0,300,0,100,"0,2",SEUIL_01,OUI,MM513.N,OUI,MM513.N1
M5O,PME_A55_1_7+279_M5O,7+279,7+779,1,A55,0,60,0,300,0,100,"0,2",SEUIL_01,OUI,MM513.O,OUI,MM513.O1
M5S,PME_A55_1_9+400_M5S,9+400,9+900,1,A55,0,60,0,300,0,100,"0,2",SEUIL_01,OUI,MM513.S,OUI,MM513.S1
M5X,PME_A55_1_12+666_M5X,12+666,13+166,1,A55,0,60,0,300,0,100,"0,2",SEUIL_01,OUI,MM513.X,OUI,MM513.X1
M5Y,PME_A55_1_13+416_M5Y,13+416,13+916,1,A55,0,60,0,300,0,100,"0,2",SEUIL_01,OUI,MM513.Y,OUI,MM513.Y1
m5Y,PME_A55_1_13+426_m5Y,0+000,0+500,1,A551,0,60,0,300,0,100,"0,2",SEUIL_01,OUI,Mm513.Y,OUI,Mm513.Y1
M5e,PME_A55_2_1+892_M5e,1+650,2+392,2,A55,0,60,0,300,0,100,"0,2",SEUIL_01,OUI,MM513.e,OUI,MM513.e2
m5e,PME_A55_2_1+902_m5e,0+500,1+000,2,A557,0,60,0,300,0,100,"0,2",SEUIL_01,OUI,Mm513.e,OUI,Mm513.e2
M5f,PME_A55_2_2+400_M5f,2+400,2+900,2,A55,0,60,0,300,0,100,"0,2",SEUIL_01,OUI,MM513.f,OUI,MM513.f2
M5h,PME_A55_2_3+481_M5h,3+481,3+981,2,A55,0,60,0,300,0,100,"0,2",SEUIL_01,OUI,MM513.h,OUI,MM513.h2
M5j,PME_A55_2_4+305_M5j,4+305,4+805,2,A55,0,60,0,300,0,100,"0,2",SEUIL_01,OUI,MM513.j,OUI,MM513.j2
M5k,PME_A55_2_4+796_M5k,4+796,5+296,2,A55,0,60,0,300,0,100,"0,2",SEUIL_01,OUI,MM513.k,OUI,MM513.k2
M5l,PME_A55_2_5+248_M5l,5+248,5+748,2,A55,0,60,0,300,0,100,"0,2",SEUIL_01,OUI,MM513.l,OUI,MM513.l2
M5m,PME_A55_2_5+676_M5m,5+676,6+176,2,A55,0,60,0,300,0,100,"0,2",SEUIL_01,OUI,MM513.m,OUI,MM513.m2
M5n,PME_A55_2_6+393_M5n,6+393,6+893,2,A55,0,60,0,300,0,100,"0,2",SEUIL_01,OUI,MM513.n,OUI,MM513.n2
M5o,PME_A55_2_7+279_M5o,7+279,7+779,2,A55,0,60,0,300,0,100,"0,2",SEUIL_01,OUI,MM513.o,OUI,MM513.o2
M5r,PME_A55_2_8+650_M5r,8+650,9+150,2,A55,0,60,0,300,0,100,"0,2",SEUIL_01,OUI,MM513.r,OUI,MM513.r2
M5s,PME_A55_2_9+400_M5s,9+400,9+900,2,A55,0,60,0,300,0,100,"0,2",SEUIL_01,OUI,MM513.s,OUI,MM513.s2
M5t,PME_A55_2_9+745_M5t,9+745,10+210,2,A55,0,60,0,300,0,100,"0,2",SEUIL_01,OUI,MM513.t,OUI,MM513.t2
M5u,PME_A55_2_10+310_M5u,10+310,10+722,2,A55,0,60,0,300,0,100,"0,2",SEUIL_01,OUI,MM513.u,OUI,MM513.u2
M5v,PME_A55_2_10+822_M5v,10+822,11+322,2,A55,0,60,0,300,0,100,"0,2",SEUIL_01,OUI,MM513.v,OUI,MM513.v2
M5x,PME_A55_2_12+666_M5x,12+666,13+166,2,A55,0,60,0,300,0,100,"0,2",SEUIL_01,OUI,MM513.x,OUI,MM513.x2
M5y,PME_A55_2_13+406_M5y,13+406,13+906,2,A55,0,60,0,300,0,100,"0,2",SEUIL_01,OUI,MM513.y,OUI,MM513.y2
m5y,PME_A55_2_13+416_m5y,0+000,0+500,2,A551,0,60,0,300,0,100,"0,2",SEUIL_01,OUI,Mm513.y,OUI,Mm513.y2
M7I,PME_A7_1_264+687_M7I,264+687,265+187,1,A7,0,60,0,300,0,100,"0,2",SEUIL_01,OUI,MM713.I,OUI,MM713.I1
M7J,PME_A7_1_265+320_M7J,265+320,265+820,1,A7,0,60,0,300,0,100,"0,2",SEUIL_01,OUI,MM713.J,OUI,MM713.J1
M7i,PME_A7_2_264+687_M7i,264+687,265+187,2,A7,0,60,0,300,0,100,"0,2",SEUIL_01,OUI,MM713.i,OUI,MM713.i2
M7j,PME_A7_2_265+320_M7j,265+320,265+820,2,A7,0,60,0,300,0,100,"0,2",SEUIL_01,OUI,MM713.j,OUI,MM713.j2
M7N,PME_A7_1_267+230_M7N,267+230,267+730,1,A7,0,60,0,300,0,100,"0,2",SEUIL_01,OUI,MM713.N,OUI,MM713.N1
M7O,PME_A7_1_267+861_M7O,267+861,268+361,1,A7,0,60,0,300,0,100,"0,2",SEUIL_01,OUI,MM713.O,OUI,MM713.O1
M7P,PME_A7_1_268+288_M7P,268+288,268+788,1,A7,0,60,0,300,0,100,"0,2",SEUIL_01,OUI,MM713.P,OUI,MM713.P1
M7Q,PME_A7_1_268+859_M7Q,268+859,269+359,1,A7,0,60,0,300,0,100,"0,2",SEUIL_01,OUI,MM713.Q,OUI,MM713.Q1
M7R,PME_A7_1_269+326_M7R,269+326,269+826,1,A7,0,60,0,300,0,100,"0,2",SEUIL_01,OUI,MM713.R,OUI,MM713.R1
M7S,PME_A7_1_269+790_M7S,269+790,270+290,1,A7,0,60,0,300,0,100,"0,2",SEUIL_01,OUI,MM713.S,OUI,MM713.S1
M7T,PME_A7_1_270+318_M7T,270+318,270+818,1,A7,0,60,0,300,0,100,"0,2",SEUIL_01,OUI,MM713.T,OUI,MM713.T1
M7U,PME_A7_1_270+833_M7U,270+833,271+333,1,A7,0,60,0,300,0,100,"0,2",SEUIL_01,OUI,MM713.U,OUI,MM713.U1
m7U,PME_A517_1_0+000_m7U,0+000,0+500,1,A517,0,60,0,300,0,100,"0,2",SEUIL_01,OUI,Mm713.U,OUI,Mm713.U1
M7V,PME_A7_1_271+435_M7V,271+435,271+935,1,A7,0,60,0,300,0,100,"0,2",SEUIL_01,OUI,MM713.V,OUI,MM713.V1
M7n,PME_A7_2_267+230_M7n,267+230,267+730,2,A7,0,60,0,300,0,100,"0,2",SEUIL_01,OUI,MM713.n,OUI,MM713.n2
m7n,PME_A552_1_0+500_m7n,0+000,0+500,1,A552,0,60,0,300,0,100,"0,2",SEUIL_01,OUI,Mm713.n,OUI,Mm713.n1
M7o,PME_A7_2_267+861_M7o,267+861,268+361,2,A7,0,60,0,300,0,100,"0,2",SEUIL_01,OUI,MM713.o,OUI,MM713.o2
M7p,PME_A7_2_268+288_M7p,268+288,268+788,2,A7,0,60,0,300,0,100,"0,2",SEUIL_01,OUI,MM713.p,OUI,MM713.p2
M7q,PME_A7_2_268+859_M7q,268+859,269+359,2,A7,0,60,0,300,0,100,"0,2",SEUIL_01,OUI,MM713.q,OUI,MM713.q2
M7r,PME_A7_2_269+326_M7r,269+326,269+826,2,A7,0,60,0,300,0,100,"0,2",SEUIL_01,OUI,MM713.r,OUI,MM713.r2
M7s,PME_A7_2_269+790_M7s,269+790,270+290,2,A7,0,60,0,300,0,100,"0,2",SEUIL_01,OUI,MM713.s,OUI,MM713.s2
M7t,PME_A7_2_270+318_M7t,270+318,270+818,2,A7,0,60,0,300,0,100,"0,2",SEUIL_01,OUI,MM713.t,OUI,MM713.t2
M7u,PME_A7_2_270+833_M7u,270+833,271+333,2,A7,0,60,0,300,0,100,"0,2",SEUIL_01,OUI,MM713.u,OUI,MM713.u2
M8A,PME_A7_1_271+850_M8A,271+850,272+350,1,A7,0,60,0,300,0,100,"0,2",SEUIL_01,OUI,MM813.A,OUI,MM813.A1
M8B,PME_A7_1_272+375_M8B,272+375,272+875,1,A7,0,60,0,300,0,100,"0,2",SEUIL_01,OUI,MM813.B,OUI,MM813.B1
M8C,PME_A7_1_272+860_M8C,272+860,273+360,1,A7,0,60,0,300,0,100,"0,2",SEUIL_01,OUI,MM813.C,OUI,MM813.C1
M8D,PME_A7_1_273+440_M8D,273+440,273+690,1,A7,0,60,0,300,0,100,"0,2",SEUIL_01,OUI,MM813.D,OUI,MM813.D1
M8E,PME_A7_1_273+900_M8E,273+900,274+400,1,A7,0,60,0,300,0,100,"0,2",SEUIL_01,OUI,MM813.E,OUI,MM813.E1
M8F,PME_A7_1_274+450_M8F,274+450,274+950,1,A7,0,60,0,300,0,100,"0,2",SEUIL_01,OUI,MM813.F,OUI,MM813.F1
M8G,PME_A7_1_275+090_M8G,275+090,275+590,1,A7,0,60,0,300,0,100,"0,2",SEUIL_01,OUI,MM813.G,OUI,MM813.G1
M8H,PME_A7_1_275+695_M8H,275+695,276+195,1,A7,0,60,0,300,0,100,"0,2",SEUIL_01,OUI,MM813.H,OUI,MM813.H1
M8I,PME_A7_1_276+238_M8I,276+238,276+738,1,A7,0,60,0,300,0,100,"0,2",SEUIL_01,OUI,MM813.I,OUI,MM813.I1
M8J,PME_A7_1_276+726_M8J,276+726,277+226,1,A7,0,60,0,300,0,100,"0,2",SEUIL_01,OUI,MM813.J,OUI,MM813.J1
M8K,PME_A7_1_277+278_M8K,277+278,277+778,1,A7,0,60,0,300,0,100,"0,2",SEUIL_01,OUI,MM813.K,OUI,MM813.K1
M8N,PME_A7_1_279+086_M8N,279+086,279+586,1,A7,0,60,0,300,0,100,"0,2",SEUIL_01,OUI,MM813.N,OUI,MM813.N1
M8O,PME_A7_1_279+614_M8O,279+614,280+114,1,A7,0,60,0,300,0,100,"0,2",SEUIL_01,OUI,MM813.O,OUI,MM813.O1
M8P,PME_A7_1_280+350_M8P,280+350,280+850,1,A7,0,60,0,300,0,100,"0,2",SEUIL_01,OUI,MM813.P,OUI,MM813.P1
M8Q,PME_A7_1_280+360_M8Q,0+000,0+500,1,A557,0,60,0,300,0,100,"0,2",SEUIL_01,OUI,MM813.Q,NON,MM813.Q1
M8R,PME_A7_1_281+000_M8R,281+000,281+500,1,A7,0,60,0,300,0,100,"0,2",SEUIL_01,NON,MM813.R,NON,MM813.R1
M8S,PME_A7_1_281+700_M8S,281+700,281+900,1,A7,0,60,0,300,0,100,"0,2",SEUIL_01,NON,MM813.S,NON,MM813.S1
M8a,PME_A7_2_271+850_M8a,271+850,272+350,2,A7,0,60,0,300,0,100,"0,2",SEUIL_01,OUI,MM813.a,OUI,MM813.a2
m8a,PME_A7_2_271+851_m8a,271+851,272+351,2,A7,0,60,0,300,0,100,"0,2",SEUIL_01,OUI,Mm813.a,OUI,Mm813.a2
M8b,PME_A7_2_272+375_M8b,272+375,272+875,2,A7,0,60,0,300,0,100,"0,2",SEUIL_01,OUI,MM813.b,OUI,MM813.b2
M8c,PME_A7_2_272+860_M8c,272+860,273+360,2,A7,0,60,0,300,0,100,"0,2",SEUIL_01,OUI,MM813.c,OUI,MM813.c2
M8d,PME_A7_2_273+440_M8d,273+440,273+940,2,A7,0,60,0,300,0,100,"0,2",SEUIL_01,OUI,MM813.d,OUI,MM813.d2
M8e,PME_A7_2_273+900_M8e,273+900,274+400,2,A7,0,60,0,300,0,100,"0,2",SEUIL_01,OUI,MM813.e,OUI,MM813.e2
M8f,PME_A7_2_274+450_M8f,274+450,274+950,2,A7,0,60,0,300,0,100,"0,2",SEUIL_01,OUI,MM813.f,OUI,MM813.f2
M8g,PME_A7_2_275+090_M8g,275+090,275+590,2,A7,0,60,0,300,0,100,"0,2",SEUIL_01,OUI,MM813.g,OUI,MM813.g2
M8h,PME_A7_2_275+695_M8h,275+695,276+195,2,A7,0,60,0,300,0,100,"0,2",SEUIL_01,OUI,MM813.h,OUI,MM813.h2
M8i,PME_A7_2_276+238_M8i,276+238,276+738,2,A7,0,60,0,300,0,100,"0,2",SEUIL_01,OUI,MM813.i,OUI,MM813.i2
M8j,PME_A7_2_276+726_M8j,276+726,277+226,2,A7,0,60,0,300,0,100,"0,2",SEUIL_01,OUI,MM813.j,OUI,MM813.j2
M8k,PME_A7_2_277+278_M8k,277+278,277+778,2,A7,0,60,0,300,0,100,"0,2",SEUIL_01,OUI,MM813.k,OUI,MM813.k2
M8n,PME_A7_2_279+086_M8n,279+086,279+586,2,A7,0,60,0,300,0,100,"0,2",SEUIL_01,OUI,MM813.n,OUI,MM813.n2
M8o,PME_A7_2_279+614_M8o,279+614,280+114,2,A7,0,60,0,300,0,100,"0,2",SEUIL_01,OUI,MM813.o,OUI,MM813.o2
M8p,PME_A7_2_280+165_M8p,280+165,280+665,2,A7,0,60,0,300,0,100,"0,2",SEUIL_01,OUI,MM813.p,OUI,MM813.p2
M8r,PME_A7_2_281+000_M8r,281+000,281+500,2,A7,0,60,0,300,0,100,"0,2",SEUIL_01,NON,MM813.r,NON,MM813.r2
M8s,PME_A7_2_281+700_M8s,281+700,282+86,2,A7,0,60,0,300,0,100,"0,2",SEUIL_01,NON,MM813.s,NON,MM813.s2
M3A,PME_A50_1_0+763_M3A,0+392,1+263,1,A50,0,60,0,300,0,100,"0,2",SEUIL_01,OUI,MM313.A,OUI,MM313.A1
M3B,PME_A50_1_1+040_M3B,1+040,1+540,1,A50,0,60,0,300,0,100,"0,2",SEUIL_01,OUI,MM313.B,OUI,MM313.B1
M3C,PME_A50_1_1+346_M3C,1+346,1+846,1,A50,0,60,0,300,0,100,"0,2",SEUIL_01,OUI,MM313.C,OUI,MM313.C1
M3D,PME_A50_1_1+871_M3D,1+871,2+371,1,A50,0,60,0,300,0,100,"0,2",SEUIL_01,OUI,MM313.D,OUI,MM313.D1
M3E,PME_A50_1_2+255_M3E,2+255,2+755,1,A50,0,60,0,300,0,100,"0,2",SEUIL_01,OUI,MM313.E,OUI,MM313.E1
M3H,PME_A50_1_3+886_M3H,3+886,4+386,1,A50,0,60,0,300,0,100,"0,2",SEUIL_01,OUI,MM313.H,OUI,MM313.H1
M3I,PME_A50_1_4+300_M3I,4+300,4+800,1,A50,0,60,0,300,0,100,"0,2",SEUIL_01,OUI,MM313.I,OUI,MM313.I1
M3J,PME_A50_1_4+794_M3J,4+794,5+294,1,A50,0,60,0,300,0,100,"0,2",SEUIL_01,OUI,MM313.J,OUI,MM313.J1
M3K,PME_A50_1_5+252_M3K,5+252,5+752,1,A50,0,60,0,300,0,100,"0,2",SEUIL_01,OUI,MM313.K,OUI,MM313.K1
M3L,PME_A50_1_5+716_M3L,5+716,6+216,1,A50,0,60,0,300,0,100,"0,2",SEUIL_01,OUI,MM313.L,OUI,MM313.L1
M3M,PME_A50_1_6+309_M3M,6+309,6+809,1,A50,0,60,0,300,0,100,"0,2",SEUIL_01,OUI,MM313.M,OUI,MM313.M1
M3N,PME_A50_1_6+715_M3N,6+715,7+215,1,A50,0,60,0,300,0,100,"0,2",SEUIL_01,OUI,MM313.N,OUI,MM313.N1
M3O,PME_A50_1_7+259_M3O,7+259,7+759,1,A50,0,60,0,300,0,100,"0,2",SEUIL_01,OUI,MM313.O,OUI,MM313.O1
M3P,PME_A50_1_7+805_M3P,7+805,8+305,1,A50,0,60,0,300,0,100,"0,2",SEUIL_01,OUI,MM313.P,OUI,MM313.P1
M3Q,PME_A50_1_8+285_M3Q,8+285,8+785,1,A50,0,60,0,300,0,100,"0,2",SEUIL_01,OUI,MM313.Q,OUI,MM313.Q1
M3R,PME_A50_1_8+745_M3R,8+745,9+245,1,A50,0,60,0,300,0,100,"0,2",SEUIL_01,OUI,MM313.R,OUI,MM313.R1
M3U,PME_A50_1_9+316_M3U,9+316,9+816,1,A50,0,60,0,300,0,100,"0,2",SEUIL_01,OUI,MM313.U,OUI,MM313.U1
M3V,PME_A50_1_9+814_M3V,9+814,10+314,1,A50,0,60,0,300,0,100,"0,2",SEUIL_01,OUI,MM313.V,OUI,MM313.V1
M3W,PME_A50_1_10+300_M3W,10+300,10+800,1,A50,0,60,0,300,0,100,"0,2",SEUIL_01,OUI,MM313.W,OUI,MM313.W1
M3X,PME_A50_1_10+795_M3X,10+795,11+295,1,A50,0,60,0,300,0,100,"0,2",SEUIL_01,OUI,MM313.X,OUI,MM313.X1
M3Y,PME_A50_1_11+267_M3Y,11+267,11+767,1,A50,0,60,0,300,0,100,"0,2",SEUIL_01,OUI,MM313.Y,OUI,MM313.Y1
M3Z,PME_A50_1_11+807_M3Z,11+807,12+307,1,A50,0,60,0,300,0,100,"0,2",SEUIL_01,OUI,MM313.Z,OUI,MM313.Z1
M4B,PME_A50_1_12+818_M4B,12+407,13+318,1,A50,0,60,0,300,0,100,"0,2",SEUIL_01,OUI,MM413.B,OUI,MM413.B1
M3a,PME_A50_2_0+763_M3a,0+438,1+263,2,A50,0,60,0,300,0,100,"0,2",SEUIL_01,OUI,MM313.a,OUI,MM313.a2
M3b,PME_A50_2_1+040_M3b,1+040,1+540,2,A50,0,60,0,300,0,100,"0,2",SEUIL_01,OUI,MM313.b,OUI,MM313.b2
M3c,PME_A50_2_1+346_M3c,1+346,1+846,2,A50,0,60,0,300,0,100,"0,2",SEUIL_01,OUI,MM313.c,OUI,MM313.c2
M3d,PME_A50_2_1+871_M3d,1+871,2+371,2,A50,0,60,0,300,0,100,"0,2",SEUIL_01,OUI,MM313.d,OUI,MM313.d2
M3e,PME_A50_2_2+255_M3e,2+255,2+755,2,A50,0,60,0,300,0,100,"0,2",SEUIL_01,OUI,MM313.e,OUI,MM313.e2
M3h,PME_A50_2_3+886_M3h,3+886,4+386,2,A50,0,60,0,300,0,100,"0,2",SEUIL_01,OUI,MM313.h,OUI,MM313.h2
M3i,PME_A50_2_4+300_M3i,4+300,4+800,2,A50,0,60,0,300,0,100,"0,2",SEUIL_01,OUI,MM313.i,OUI,MM313.i2
M3j,PME_A50_2_4+794_M3j,4+794,5+294,2,A50,0,60,0,300,0,100,"0,2",SEUIL_01,OUI,MM313.j,OUI,MM313.j2
M3k,PME_A50_2_5+252_M3k,5+252,5+752,2,A50,0,60,0,300,0,100,"0,2",SEUIL_01,OUI,MM313.k,OUI,MM313.k2
M3l,PME_A50_2_5+716_M3l,5+716,6+216,2,A50,0,60,0,300,0,100,"0,2",SEUIL_01,OUI,MM313.l,OUI,MM313.l2
M3m,PME_A50_2_6+309_M3m,6+309,6+809,2,A50,0,60,0,300,0,100,"0,2",SEUIL_01,OUI,MM313.m,OUI,MM313.m2
M3n,PME_A50_2_6+715_M3n,6+715,7+215,2,A50,0,60,0,300,0,100,"0,2",SEUIL_01,OUI,MM313.n,OUI,MM313.n2
M3o,PME_A50_2_7+259_M3o,7+259,7+759,2,A50,0,60,0,300,0,100,"0,2",SEUIL_01,OUI,MM313.o,OUI,MM313.o2
M3p,PME_A50_2_7+805_M3p,7+805,8+305,2,A50,0,60,0,300,0,100,"0,2",SEUIL_01,OUI,MM313.p,OUI,MM313.p2
M3q,PME_A50_2_8+285_M3q,8+285,8+785,2,A50,0,60,0,300,0,100,"0,2",SEUIL_01,OUI,MM313.q,OUI,MM313.q2
M3r,PME_A50_2_8+745_M3r,8+745,9+245,2,A50,0,60,0,300,0,100,"0,2",SEUIL_01,OUI,MM313.r,OUI,MM313.r2
M3u,PME_A50_2_9+316_M3u,9+316,9+816,2,A50,0,60,0,300,0,100,"0,2",SEUIL_01,OUI,MM313.u,OUI,MM313.u2
M3v,PME_A50_2_9+814_M3v,9+814,10+314,2,A50,0,60,0,300,0,100,"0,2",SEUIL_01,OUI,MM313.v,OUI,MM313.v2
M3w,PME_A50_2_10+300_M3w,10+300,10+800,2,A50,0,60,0,300,0,100,"0,2",SEUIL_01,OUI,MM313.w,OUI,MM313.w2
M3x,PME_A50_2_10+795_M3x,10+795,11+295,2,A50,0,60,0,300,0,100,"0,2",SEUIL_01,OUI,MM313.x,OUI,MM313.x2
M3y,PME_A50_2_11+267_M3y,11+267,11+767,2,A50,0,60,0,300,0,100,"0,2",SEUIL_01,OUI,MM313.y,OUI,MM313.y2
M3z,PME_A50_2_11+807_M3z,11+807,12+307,2,A50,0,60,0,300,0,100,"0,2",SEUIL_01,OUI,MM313.z,OUI,MM313.z2
M4b,PME_A50_2_12+818_M4b,12+407,13+318,2,A50,0,60,0,300,0,100,"0,2",SEUIL_01,OUI,MM413.b,OUI,MM413.b2
mbh,PME_A51_2_4+096_Mbh,4+196,4+296,2,A51,0,60,0,300,0,100,"0,2",SEUIL_01,NON,Mm113.h,NON,Mmb13.h2
mbi,PME_A51_2_4+593_mbi,4+693,4+793,2,A51,0,60,0,300,0,100,"0,2",SEUIL_01,NON,Mmb13.i,NON,Mmb13.i2
M5U,PME_A55_1_10+310_M5U,10+310,10+722,1,A55,0,60,0,300,0,100,"0,2",SEUIL_01,OUI,MM513.U,OUI,MM513.U1
M5T,PME_A55_1_9+745_M5T,9+745,10+210,1,A55,0,60,0,300,0,100,"0,2",SEUIL_01,OUI,MM513.T,OUI,MM513.T1
M5V,PME_A55_1_10+822_M5V,10+822,11+322,1,A55,0,60,0,300,0,100,"0,2",SEUIL_01,OUI,MM513.V,OUI,MM513.V1
m7N,PME_A7_1_267+230_m7N,0+000,0+500,2,A552,0,60,0,300,0,100,"0,2",SEUIL_01,OUI,Mm713.N,OUI,Mm713.N1
mBR,PME_A7_1_281+000_mBR,281+600,281+680,1,A7,0,60,0,300,0,100,"0,2",SEUIL_01,OUI,Mm813.R,NON,Mm813.R1
mBS,PME_A7_1_281+700_mBS,282+000,282+100,1,A7,0,60,0,300,0,100,"0,2",SEUIL_01,OUI,Mm813.S,NON,Mm813.S1
M8q,PME_A7_2_280+360_M8q,280+765,280+900,2,A7,0,60,0,300,0,100,"0,2",SEUIL_01,NON,MM813.q,NON,MM813.q2
BE04-EXT-RDTSTC002,PME-BE04-STC002-EXT,6+205,6+205,2,A507,0,60,0,300,0,100,"0,2",SEUIL_01,NON,MM213.2,NON,MM213.22
BS02-EXT-RDTSTC001,PME-BS02-STC001-EXT,3+775,3+775,2,A507,0,60,0,300,0,100,"0,2",SEUIL_01,NON,MM213.8,NON,MM213.82
BS04-INT-RDTSTC002,PME-BS04-STC002-INT,6+230,6+230,1,A507,0,60,0,300,0,100,"0,2",SEUIL_01,NON,MM213.S,NON,MM213.S1
TOL-EXT_RDTSTC001,PME-TOL-STC001-EXT,2+571,3+165,2,A507,0,60,0,300,0,100,"0,2",SEUIL_01,NON,Mm213.e,NON,Mm213.e2
TMA-EXT_RDTSCB002,PME-TMA-SCB002-EXT,0+696,1+310,2,A507,0,60,0,300,0,100,"0,2",SEUIL_01,NON,Mm213.c,NON,Mm213.c2
BS05-INT-RDTSTC002,PME-BS05-STC002-INT,7+650,7+650,1,A507,0,60,0,300,0,100,"0,2",SEUIL_01,NON,MM213.R,NON,MM213.R1
SMA-INT_RDTSCB001,PME-MIN-SCB001-INT,0+511,0+695,1,A507,0,60,0,300,0,100,"0,2",SEUIL_01,NON,MM213.B,NON,MM213.B1
TFO-INT_RDTSTC002,PME-TFO-STC002-INT,7+711,7+740,1,A507,0,60,0,300,0,100,"0,2",SEUIL_01,NON,MM213.K,NON,MM213.K1
SFB-INT_RDTSCB001,PME-TMO-STC002-INT,6+321,7+110,1,A507,0,60,0,300,0,100,"0,2",SEUIL_01,OUI,MM213.J,OUI,MM213.J1
TMA-INT_RDTSCB002,PME-TMA-SCB002-INT,0+696,1+310,1,A507,0,60,0,300,0,100,"0,2",SEUIL_01,NON,MM213.C,NON,MM213.C1
SOM-INT_RDTSCB003,PME-TMA-SCB003-INT,1+311,2+570,1,A507,0,60,0,300,0,100,"0,2",SEUIL_01,NON,MM213.D,NON,MM213.D1
BS03-INT-RDTSTC002,PME-BS03-STC002-INT,4+225,4+225,1,A507,0,60,0,300,0,100,"0,2",SEUIL_01,NON,MM213.T,NON,MM213.T1
SBM-EXT_RDTSTC002,PME-TMO-STC002-EXT,4+946,6+320,2,A507,0,60,0,300,0,100,"0,2",SEUIL_01,NON,MM213.i,NON,MM213.i2
BE05-EXT-RDTSTC001,PME-BE05-STC001-EXT,7+610,7+610,2,A507,0,60,0,300,0,100,"0,2",SEUIL_01,NON,MM213.1,NON,MM213.12
SBM-INT_RDTSTC002,PME-TMO-STC001-INT,4+871,6+320,1,A507,0,60,0,300,0,100,"0,2",SEUIL_01,NON,MM213.I,NON,MM213.I1
BQU-EXT-RDTSCB002,PME-BQU-SCB002-EXT,1+500,1+500,2,A507,0,60,0,300,0,100,"0,2",SEUIL_01,NON,MM213.9,NON,MM213.92
SOM-EXT_RDTSCB003,PME-TMA-SCB003-EXT,1+311,2+570,2,A507,0,60,0,300,0,100,"0,2",SEUIL_01,NON,Mm213.d,NON,Mm213.d2
BE06-EXT-RDTSTC001,PME-BE06-STC001-EXT,8+540,8+540,2,A507,0,60,0,300,0,100,"0,2",SEUIL_01,NON,MM213.0,NON,MM213.02
SFB-EXT_RDTSCB001,PME-TFO-CB001-EXT,6+321,7+110,2,A507,0,60,0,300,0,100,"0,2",SEUIL_01,OUI,MM213.j,OUI,MM213.j2
TPA-EXT_RDTSTC001,PME-TPA-STC001-EXT,8+076,8+665,2,A507,0,60,0,300,0,100,"0,2",SEUIL_01,OUI,MM213.o,OUI,MM213.o2
TPA-EXT_RDTSTC002,PME-TPA-STC002-EXT,7+741,8+075,2,A507,0,60,0,300,0,100,"0,2",SEUIL_01,OUI,MM213.n,OUI,MM213.n2
TPA-EXT_RDTSTC004,PME-A50-STC004-EXT,8+666,9+306,2,A507,0,60,0,300,0,100,"0,2",SEUIL_01,OUI,MM213.p,OUI,MM213.p2
STJ-EXT_RDTSTC001,PME-TJE-STC001-EXT,3+166,3+735,2,A507,0,60,0,300,0,100,"0,2",SEUIL_01,OUI,MM213.f,NON,MM213.f2
EAR-INT_RDTSTC030,PME-ARN-STC030-INT,0+000,0+510,1,A507,0,60,0,300,0,100,"0,2",SEUIL_01,NON,MM213.A,NON,MM213.A1
BS02-INT-RDTSTC001,PME-BS02-STC001-INT,2+970,2+970,1,A507,0,60,0,300,0,100,"0,2",SEUIL_01,NON,MM213.U,NON,MM213.U1
BE04-INT-RDTSCB001,PME-BE04-SCB001-INT,7+370,7+370,1,A507,0,60,0,300,0,100,"0,2",SEUIL_01,NON,MM213.W,NON,MM213.W1
SMA-EXT_RDTSCB001,PME-MIN-SCB001-EXT,0+511,0+695,2,A507,0,60,0,300,0,100,"0,2",SEUIL_01,NON,Mm213.b,NON,Mm213.b2
BS04-EXT-RDTSCB001,PME-BS04-SCB001-EXT,7+400,7+400,2,A507,0,60,0,300,0,100,"0,2",SEUIL_01,NON,MM213.6,NON,MM213.62
BE02-EXT-RDTSTC001,PME-BE02-STC001-EXT,3+060,3+060,2,A507,0,60,0,300,0,100,"0,2",SEUIL_01,NON,MM213.4,NON,MM213.42
SPF-EXT_RDTSTC001,PME-TFO-STC001-EXT,7+111,7+740,2,A507,0,60,0,300,0,100,"0,2",SEUIL_01,OUI,MM213.k,OUI,MM213.k2
SMT-INT_RDTSTC001,PME-TTI-STC002-INT,4+276,4+870,1,A507,0,60,0,300,0,100,"0,2",SEUIL_01,NON,MM213.H,NON,MM213.H1
SMT-INT_RDTSTC002,PME-TTI-STC002-INT,3+736,4+275,1,A507,0,60,0,300,0,100,"0,2",SEUIL_01,NON,MM213.G,NON,MM213.G1
STJ-INT_RDTSTC001,PME-TTI-STC001-INT,3+166,3+735,1,A507,0,60,0,300,0,100,"0,2",SEUIL_01,OUI,MM213.F,NON,MM213.F1
EAR-EXT_RDTSTC030,PME-ARN-STC030-EXT,0+000,0+510,2,A507,0,60,0,300,0,100,"0,2",SEUIL_01,NON,Mm213.a,NON,Mm213.a2
BS06-INT-RDTSTC001,PME-BS06-STC001-INT,8+685,8+685,1,A507,0,60,0,300,0,100,"0,2",SEUIL_01,NON,MM213.Q,NON,MM213.Q1
SMT-EXT_RDTSTC002,PME-TTI-STC002-EXT,3+736,4+250,2,A507,0,60,0,300,0,100,"0,2",SEUIL_01,NON,MM213.g,NON,MM213.g2
SMT-EXT_RDTSTC001,PME-TMO-STC001-EXT,4+251,4+945,2,A507,0,60,0,300,0,100,"0,2",SEUIL_01,NON,MM213.h,NON,MM213.h2
BE05-INT-RDTSTC003,PME-BE05-STC003-INT,8+170,8+170,1,A507,0,60,0,300,0,100,"0,2",SEUIL_01,NON,MM213.V,NON,MM213.V1
BE03-EXT-RDTSTC002,PME-BE03-STC002-EXT,4+155,4+155,2,A507,0,60,0,300,0,100,"0,2",SEUIL_01,NON,MM213.3,NON,MM213.32
TOL-INT_RDTSTC001,PME-TOL-STC001-INT,2+571,3+165,1,A507,0,60,0,300,0,100,"0,2",SEUIL_01,NON,MM213.E,NON,MM213.E1
BE02-INT-RDTSTC001,PME-BE02-STC001-INT,3+800,3+800,1,A507,0,60,0,300,0,100,"0,2",SEUIL_01,NON,MM213.Y,NON,MM213.Y1
TPA-INT_RDTSTC004,PME-A50-STC004-INT,8+745,9+306,1,A507,0,60,0,300,0,100,"0,2",SEUIL_01,OUI,MM213.P,OUI,MM213.P1
TPA-INT_RDTSTC001,PME-TPA-STC001-INT,8+084,8+745,1,A507,0,60,0,300,0,100,"0,2",SEUIL_01,NON,MM213.O,NON,MM213.O1
TPA-INT_RDTSTC003,PME-TPA -STC003-INT,7+741,8+083,1,A507,0,60,0,300,0,100,"0,2",SEUIL_01,OUI,MM213.N,OUI,MM213.N1
BS03-EXT-RDTSTC001,PME-BS03-STC001-EXT,5+160,5+160,2,A507,0,60,0,300,0,100,"0,2",SEUIL_01,NON,MM213.7,NON,MM213.72
BE03-INT-RDTSTC001,PME-BE03-STC001-INT,5+160,5+160,1,A507,0,60,0,300,0,100,"0,2",SEUIL_01,NON,MM213.X,NON,MM213.X1
BS05-EXT-RDTSTC002,PME-BS05-STC002-EXT,8+200,8+200,2,A507,0,60,0,300,0,100,"0,2",SEUIL_01,NON,MM213.5,NON,MM213.52
BE01-INT-RDTSTC030,PME-BE01-STC030-INT,0+535,0+535,1,A507,0,60,0,300,0,100,"0,2",SEUIL_01,NON,MM213.Z,NON,MM213.Z1
MPB,PME_RN568_4+470_1_MPB,4+470,5+470,1,N568,0,600,0,300,0,100,"0,2",SEUIL_01,OUI,MMP13.B,NON,MMP13.B1
MPA,PME_RN113_66+700_1_MPA,66+700,67+200,1,N113_13 ,0,600,0,300,0,100,"0,2",SEUIL_01,OUI,MMP13.A,NON,MMP13.A1
MPF,PME_RN568_25+350_1_MPF,25+350,26+350,1,N568,0,600,0,300,0,100,"0,2",SEUIL_01,OUI,MMP13.F,NON,MMP13.F1
MPH,PME_RN113_60+1000_1_MPH,60+1000,61+900,1,N113_13 ,0,600,0,300,0,100,"0,2",SEUIL_01,OUI,MMP13.H,NON,MMP13.H1
MPG,PME_RN568_9+250_1_MPG,9+250,10+250,1,N568,0,600,0,300,0,100,"0,2",SEUIL_01,OUI,MMP13.G,NON,MMP13.G1
MPb,PME_RN568_4+470_2_MPb,4+470,5+470,2,N568,0,600,0,300,0,100,"0,2",SEUIL_01,OUI,MMP13.b,NON,MMP13.b2
MPa,PME_RN113_66+700_2_MPa,66+700,67+200,2,N113_13 ,0,600,0,300,0,100,"0,2",SEUIL_01,OUI,MMP13.a,NON,MMP13.a2
MPf,PME_RN568_25+350_2_MPf,25+350,26+350,2,N568,0,600,0,300,0,100,"0,2",SEUIL_01,OUI,MMP13.f,NON,MMP13.f2
MPh,PME_RN113_60+1000_2_MPh,60+1000,61+900,2,N113_13 ,0,600,0,300,0,100,"0,2",SEUIL_01,OUI,MMP13.h,NON,MMP13.h2
MPg,PME_RN568_9+250_2_MPG,9+250,10+250,2,N568,0,600,0,300,0,100,"0,2",SEUIL_01,OUI,MMP13.g,NON,MMP13.g2
MBO,PME_RN568_30+980_1_MBO,30+980,31+800,1,N568,0,600,0,300,0,100,"0,2",SEUIL_01,OUI,MMB13.O,NON,MMB13.O1
MBS,PME_RN113_73+980_1_MBS,73+980,74+480,1,N113_13 ,0,600,0,300,0,100,"0,2",SEUIL_01,OUI,MMB13.S,NON,MMB13.S1
MBo,PME_RN568_30+980_2_MBo,30+980,31+800,2,N568,0,600,0,300,0,100,"0,2",SEUIL_01,OUI,MMB13.o,NON,MMB13.o2
MBs,PME_RN113_73+980_2_MBs,73+980,74+480,2,N113_13 ,0,600,0,300,0,100,"0,2",SEUIL_01,OUI,MMB13.s,NON,MMB13.s2
MBT,PME_RN569_5+068_1_MBT,5+068,5+500,1,N569,0,600,0,300,0,100,"0,2",SEUIL_01,OUI,MMB13.T,NON,MMB13.T1
MBt,PME_RN569_5+068_2_MBt,5+068,5+500,2,N569,0,600,0,300,0,100,"0,2",SEUIL_01,OUI,MMB13.t,NON,MMB13.t2
mba,PME_A51_2_0+430_mba,0+830,0+930,2,A51,0,60,0,300,0,100,"0,2",SEUIL_01,NON,Mmb13.a,NON,Mmb13.a2
mbd,PME_A51_2_2+030_M1d,2+430,2+530,2,A51,0,60,0,300,0,100,"0,2",SEUIL_01,NON,Mmb13.d,NON,Mmb13.d2
mbc,PME_A51_2_1+508_mbc,1+908,2+008,2,A51,0,60,0,300,0,100,"0,2",SEUIL_01,NON,Mmb13.c,NON,Mmb13.c2
